[
  {
    "new_version": "",
    "name": "Core Extensions Bundle",
    "slug": "core-extensions-bundle",
    "url": "https:\/\/wppopupmaker.com\/extensions\/core-extensions-bundle\/?changelog=1",
    "homepage": "https:\/\/wppopupmaker.com\/extensions\/core-extensions-bundle\/",
    "package": "",
    "download_link": "",
    "image": "https:\/\/wppopupmaker.com\/wp-content\/uploads\/edd\/2015\/08\/Core-Extension-Bundle.png",
    "excerpt": "Save Big & Get access to all core Popup Maker extensions + all future extensions by purchasing our massively discounted extensions bundle."
  },
  {
    "new_version": "1.1.0",
    "name": "Exit Intent Popups",
    "slug": "exit-intent-popups",
    "url": "https:\/\/wppopupmaker.com\/extensions\/exit-intent-popups\/?changelog=1",
    "homepage": "https:\/\/wppopupmaker.com\/extensions\/exit-intent-popups\/",
    "package": "",
    "download_link": "",
    "image": "https:\/\/wppopupmaker.com\/wp-content\/uploads\/edd\/2015\/04\/Exit-Intent-Popups.png",
    "excerpt": "Easily turn abandoning users into cash! Exit Intent opens a popup when users attempt to leave your site."
  },
  {
    "new_version": "1.1.2",
    "name": "Popup Analytics",
    "slug": "popup-analytics",
    "url": "https:\/\/wppopupmaker.com\/extensions\/popup-analytics\/?changelog=1",
    "homepage": "https:\/\/wppopupmaker.com\/extensions\/popup-analytics\/",
    "package": "",
    "download_link": "",
    "image": "https:\/\/wppopupmaker.com\/wp-content\/uploads\/edd\/2015\/04\/Popup-Analytics.png",
    "excerpt": "Create high performance popups with Analytics - get up-to-the-minute statistical information on impressions, conversions, and more."
  },
  {
    "new_version": "1.0.2",
    "name": "Advanced Theme Builder",
    "slug": "advanced-theme-builder",
    "url": "https:\/\/wppopupmaker.com\/extensions\/advanced-theme-builder\/?changelog=1",
    "homepage": "https:\/\/wppopupmaker.com\/extensions\/advanced-theme-builder\/",
    "package": "",
    "download_link": "",
    "image": "https:\/\/wppopupmaker.com\/wp-content\/uploads\/edd\/2015\/04\/Advanced-Theme-Builder.png",
    "excerpt": "Build more powerful and influential themes for your popups - this extension allows you to add background images to different elements of your popup."
  },
  {
    "new_version": "1.1.0",
    "name": "Age Verification Modals",
    "slug": "age-verification-modals",
    "url": "https:\/\/wppopupmaker.com\/extensions\/age-verification-modals\/?changelog=1",
    "homepage": "https:\/\/wppopupmaker.com\/extensions\/age-verification-modals\/",
    "package": "",
    "download_link": "",
    "image": "https:\/\/wppopupmaker.com\/wp-content\/uploads\/edd\/2015\/04\/Age-Verification-Modals.png",
    "excerpt": "Streamline and enhance your user experience, and protect your content from unqualified users using the Age Verification Modals Extension."
  },
  {
    "new_version": "1.1.2",
    "name": "Scroll Triggered Popups",
    "slug": "scroll-triggered-popups",
    "url": "https:\/\/wppopupmaker.com\/extensions\/scroll-triggered-popups\/?changelog=1",
    "homepage": "https:\/\/wppopupmaker.com\/extensions\/scroll-triggered-popups\/",
    "package": "",
    "download_link": "",
    "image": "https:\/\/wppopupmaker.com\/wp-content\/uploads\/edd\/2015\/04\/Scroll-Triggered-Popups.png",
    "excerpt": "Use this extension and market your valuable content as users scroll down your pages - great for increasing revenue and funneling users throughout your site."
  },
  {
    "new_version": "1.1.3",
    "name": "AJAX Login Modals",
    "slug": "ajax-login-modals",
    "url": "https:\/\/wppopupmaker.com\/extensions\/ajax-login-modals\/?changelog=1",
    "homepage": "https:\/\/wppopupmaker.com\/extensions\/ajax-login-modals\/",
    "package": "",
    "download_link": "",
    "image": "https:\/\/wppopupmaker.com\/wp-content\/uploads\/edd\/2015\/04\/AJAX-Login-Modals.png",
    "excerpt": "Use this Extension in a variety of ways and streamline and enhance your user experience. Great for protecting content or preventing access without logging in on your site."
  },
  {
    "new_version": "1.0.1",
    "name": "Forced Interaction",
    "slug": "forced-interaction",
    "url": "https:\/\/wppopupmaker.com\/extensions\/forced-interaction\/?changelog=1",
    "homepage": "https:\/\/wppopupmaker.com\/extensions\/forced-interaction\/",
    "package": "",
    "download_link": "",
    "image": "https:\/\/wppopupmaker.com\/wp-content\/uploads\/edd\/2015\/04\/Forced-Interaction.png",
    "excerpt": "Disabling the close button can be used in a variety of ways, from protecting content or areas of your site to forcing users to complete an action before continuing."
  },
  {
    "new_version": "1.0.2",
    "name": "Secure Idle User Logout",
    "slug": "secure-idle-user-logout",
    "url": "https:\/\/wppopupmaker.com\/extensions\/secure-idle-user-logout\/?changelog=1",
    "homepage": "https:\/\/wppopupmaker.com\/extensions\/secure-idle-user-logout\/",
    "package": "",
    "download_link": "",
    "image": "https:\/\/wppopupmaker.com\/wp-content\/uploads\/edd\/2015\/04\/Secure-Idle-User-Logout.png",
    "excerpt": "Use this extension to securely log users out once they have entered an idle state. Display a warning and automatically logout if they don't respond."
  },
  {
    "new_version": "1.0.1",
    "name": "Advanced Targeting Conditions",
    "slug": "advanced-targeting-conditions",
    "url": "https:\/\/wppopupmaker.com\/extensions\/advanced-targeting-conditions\/?changelog=1",
    "homepage": "https:\/\/wppopupmaker.com\/extensions\/advanced-targeting-conditions\/",
    "package": "",
    "download_link": "",
    "image": "https:\/\/wppopupmaker.com\/wp-content\/uploads\/edd\/2015\/04\/Advanced-Targeting-Conditions.png",
    "excerpt": "Target specific sets of your users with new conditions such as Mobile Detection, User Roles & Login Checks, Users from Google, custom conditions & more."
  },
  {
    "new_version": "1.0.4",
    "name": "Terms & Conditions Popups",
    "slug": "terms-conditions-popups",
    "url": "https:\/\/wppopupmaker.com\/extensions\/terms-conditions-popups\/?changelog=1",
    "homepage": "https:\/\/wppopupmaker.com\/extensions\/terms-conditions-popups\/",
    "package": "",
    "download_link": "",
    "image": "https:\/\/wppopupmaker.com\/wp-content\/uploads\/edd\/2015\/05\/Terms-Conditions-Popups.png",
    "excerpt": "Require users to agree to your terms & conditions before viewing pages, clicking buttons & more. Great for forcing agreement prior to clicking add to cart."
  },
  {
    "new_version": "1.0.0",
    "name": "Remote Content",
    "slug": "remote-content",
    "url": "https:\/\/wppopupmaker.com\/extensions\/remote-content\/?changelog=1",
    "homepage": "https:\/\/wppopupmaker.com\/extensions\/remote-content\/",
    "package": "",
    "download_link": "",
    "image": "https:\/\/wppopupmaker.com\/wp-content\/uploads\/edd\/2015\/08\/Remote-Content.png",
    "excerpt": "Managing dozens of popups? Replace them all with a dynamic solution. Convert a list of links into popups in no time. Creating single page apps is a breeze."
  },
  {
    "new_version": "1.1.0",
    "name": "MailChimp Integration",
    "slug": "mailchimp-integration",
    "url": "https:\/\/wppopupmaker.com\/extensions\/mailchimp-integration\/?changelog=1",
    "homepage": "https:\/\/wppopupmaker.com\/extensions\/mailchimp-integration\/",
    "package": "",
    "download_link": "",
    "image": "https:\/\/wppopupmaker.com\/wp-content\/uploads\/edd\/2015\/11\/Mailchimp-Integration-logo.png",
    "excerpt": "With this extension, you can now easily and quickly add a sign up form to your popups to add users to your mailing list in MailChimp."
  },
  {
    "new_version": "1.0.0",
    "name": "Aweber Integration",
    "slug": "aweber-integration",
    "url": "https:\/\/wppopupmaker.com\/extensions\/aweber-integration\/?changelog=1",
    "homepage": "https:\/\/wppopupmaker.com\/extensions\/aweber-integration\/",
    "package": "",
    "download_link": "",
    "image": "https:\/\/wppopupmaker.com\/wp-content\/uploads\/edd\/2015\/12\/Aweber-Integration.png",
    "excerpt": "With this extension, you can now easily and quickly add a sign up form to your popups to add users to your mailing list in Aweber."
  },
  {
    "new_version": "1.1.0",
    "name": "Scheduling",
    "slug": "scheduling",
    "url": "https:\/\/wppopupmaker.com\/extensions\/scheduling\/?changelog=1",
    "homepage": "https:\/\/wppopupmaker.com\/extensions\/scheduling\/",
    "package": "",
    "download_link": "",
    "image": "https:\/\/wppopupmaker.com\/wp-content\/uploads\/edd\/2016\/12\/scheduling.png",
    "excerpt": "Add scheduling options to your popups. With multiple schedule types, you can precisely schedule your popups in just a few minutes."
  },
  {
    "new_version": "1.0.0",
    "name": "Videos",
    "slug": "videos",
    "url": "https:\/\/wppopupmaker.com\/extensions\/videos\/?changelog=1",
    "homepage": "https:\/\/wppopupmaker.com\/extensions\/videos\/",
    "package": "",
    "download_link": "",
    "image": "https:\/\/wppopupmaker.com\/wp-content\/uploads\/edd\/2017\/03\/video-popups.jpg",
    "excerpt": "Create the ultimate WordPress Video Popup for your marketing videos in minutes - customize your player, control video play\/pause commands, and much more."
  }
]