<?xml version="1.0" encoding="UTF-8" ?>
<!-- This is a WordPress eXtended RSS file generated by WordPress as an export of your site. -->
<!-- It contains information about your site's posts, pages, comments, categories, and other content. -->
<!-- You may use this file to transfer that content from one site to another. -->
<!-- This file is not intended to serve as a complete backup of your site. -->

<!-- To import this information into a WordPress site follow these steps: -->
<!-- 1. Log in to that site as an administrator. -->
<!-- 2. Go to Tools: Import in the WordPress admin panel. -->
<!-- 3. Install the "WordPress" importer from the list. -->
<!-- 4. Activate & Run Importer. -->
<!-- 5. Upload this file using the form provided on that page. -->
<!-- 6. You will first be asked to map the authors in this export file to users -->
<!--    on the site. For each author, you may choose to map to an -->
<!--    existing user on the site or to create a new user. -->
<!-- 7. WordPress will then import each of the posts, pages, comments, categories, etc. -->
<!--    contained in this file into your site. -->

<!-- generator="WordPress/5.0.3" created="2019-01-12 06:09" -->
<rss version="2.0"
	xmlns:excerpt="http://wordpress.org/export/1.2/excerpt/"
	xmlns:content="http://purl.org/rss/1.0/modules/content/"
	xmlns:wfw="http://wellformedweb.org/CommentAPI/"
	xmlns:dc="http://purl.org/dc/elements/1.1/"
	xmlns:wp="http://wordpress.org/export/1.2/"
>

<channel>
	<title>Popup Maker</title>
	<link>https://wppopupmaker.com</link>
	<description>Default themes for Popup Maker</description>
	<pubDate>Sat, 12 Jan 2019 06:09:25 +0000</pubDate>
	<language>en-US</language>
	<wp:wxr_version>1.2</wp:wxr_version>
	<generator>https://wordpress.org/?v=5.0.3</generator>

	<item>
		<title>Light Box</title>
		<link>http://pm.loc/?post_type=popup_theme&#038;p=4</link>
		<pubDate>Sat, 12 Jan 2019 05:37:05 +0000</pubDate>
		<dc:creator><![CDATA[admin]]></dc:creator>
		<guid isPermaLink="false">http://pm.loc/?post_type=popup_theme&#038;p=4</guid>
		<description></description>
		<content:encoded><![CDATA[]]></content:encoded>
		<excerpt:encoded><![CDATA[]]></excerpt:encoded>
		<wp:post_id>4</wp:post_id>
		<wp:post_date><![CDATA[2019-01-12 05:37:05]]></wp:post_date>
		<wp:post_date_gmt><![CDATA[2019-01-12 05:37:05]]></wp:post_date_gmt>
		<wp:comment_status><![CDATA[closed]]></wp:comment_status>
		<wp:ping_status><![CDATA[closed]]></wp:ping_status>
		<wp:post_name><![CDATA[lightbox]]></wp:post_name>
		<wp:status><![CDATA[publish]]></wp:status>
		<wp:post_parent>0</wp:post_parent>
		<wp:menu_order>0</wp:menu_order>
		<wp:post_type><![CDATA[popup_theme]]></wp:post_type>
		<wp:post_password><![CDATA[]]></wp:post_password>
		<wp:is_sticky>0</wp:is_sticky>
		<wp:postmeta>
			<wp:meta_key><![CDATA[_pum_built_in]]></wp:meta_key>
			<wp:meta_value><![CDATA[lightbox]]></wp:meta_value>
		</wp:postmeta>
		<wp:postmeta>
			<wp:meta_key><![CDATA[popup_theme_settings]]></wp:meta_key>
			<wp:meta_value><![CDATA[a:67:{s:24:"overlay_background_color";s:7:"#000000";s:26:"overlay_background_opacity";s:2:"60";s:17:"container_padding";s:2:"18";s:26:"container_background_color";s:7:"#ffffff";s:28:"container_background_opacity";s:3:"100";s:22:"container_border_style";s:5:"solid";s:22:"container_border_color";s:7:"#000000";s:22:"container_border_width";s:1:"8";s:23:"container_border_radius";s:1:"3";s:25:"container_boxshadow_inset";s:2:"no";s:30:"container_boxshadow_horizontal";s:1:"0";s:28:"container_boxshadow_vertical";s:1:"0";s:24:"container_boxshadow_blur";s:2:"30";s:26:"container_boxshadow_spread";s:1:"0";s:25:"container_boxshadow_color";s:7:"#020202";s:27:"container_boxshadow_opacity";s:3:"100";s:16:"title_font_color";s:7:"#000000";s:17:"title_line_height";s:2:"36";s:15:"title_font_size";s:2:"32";s:17:"title_font_family";s:7:"inherit";s:17:"title_font_weight";s:3:"100";s:16:"title_font_style";s:0:"";s:16:"title_text_align";s:4:"left";s:27:"title_textshadow_horizontal";s:1:"0";s:25:"title_textshadow_vertical";s:1:"0";s:21:"title_textshadow_blur";s:1:"0";s:22:"title_textshadow_color";s:7:"#020202";s:24:"title_textshadow_opacity";s:2:"23";s:18:"content_font_color";s:7:"#000000";s:19:"content_font_family";s:7:"inherit";s:19:"content_font_weight";s:3:"100";s:18:"content_font_style";s:0:"";s:10:"close_text";s:7:"&times;";s:14:"close_location";s:8:"topright";s:18:"close_position_top";s:3:"-13";s:19:"close_position_left";s:1:"0";s:21:"close_position_bottom";s:1:"0";s:20:"close_position_right";s:3:"-13";s:13:"close_padding";s:1:"0";s:12:"close_height";s:2:"26";s:11:"close_width";s:2:"26";s:22:"close_background_color";s:7:"#000000";s:24:"close_background_opacity";s:3:"100";s:16:"close_font_color";s:7:"#ffffff";s:17:"close_line_height";s:2:"24";s:15:"close_font_size";s:2:"24";s:17:"close_font_family";s:5:"Arial";s:17:"close_font_weight";s:3:"100";s:16:"close_font_style";s:0:"";s:18:"close_border_style";s:5:"solid";s:18:"close_border_color";s:7:"#ffffff";s:18:"close_border_width";s:1:"2";s:19:"close_border_radius";s:2:"26";s:21:"close_boxshadow_inset";s:2:"no";s:26:"close_boxshadow_horizontal";s:1:"0";s:24:"close_boxshadow_vertical";s:1:"0";s:20:"close_boxshadow_blur";s:2:"15";s:22:"close_boxshadow_spread";s:1:"1";s:21:"close_boxshadow_color";s:7:"#020202";s:23:"close_boxshadow_opacity";s:2:"75";s:27:"close_textshadow_horizontal";s:1:"0";s:25:"close_textshadow_vertical";s:1:"0";s:21:"close_textshadow_blur";s:1:"0";s:22:"close_textshadow_color";s:7:"#000000";s:24:"close_textshadow_opacity";s:2:"23";s:13:"atc_promotion";N;s:22:"close_position_outside";i:0;}]]></wp:meta_value>
		</wp:postmeta>
		<wp:postmeta>
			<wp:meta_key><![CDATA[popup_theme_data_version]]></wp:meta_key>
			<wp:meta_value><![CDATA[3]]></wp:meta_value>
		</wp:postmeta>
	</item>
	<item>
		<title>Enterprise Blue</title>
		<link>http://pm.loc/?post_type=popup_theme&#038;p=5</link>
		<pubDate>Sat, 12 Jan 2019 05:37:05 +0000</pubDate>
		<dc:creator><![CDATA[admin]]></dc:creator>
		<guid isPermaLink="false">http://pm.loc/?post_type=popup_theme&#038;p=5</guid>
		<description></description>
		<content:encoded><![CDATA[]]></content:encoded>
		<excerpt:encoded><![CDATA[]]></excerpt:encoded>
		<wp:post_id>5</wp:post_id>
		<wp:post_date><![CDATA[2019-01-12 05:37:05]]></wp:post_date>
		<wp:post_date_gmt><![CDATA[2019-01-12 05:37:05]]></wp:post_date_gmt>
		<wp:comment_status><![CDATA[closed]]></wp:comment_status>
		<wp:ping_status><![CDATA[closed]]></wp:ping_status>
		<wp:post_name><![CDATA[enterprise-blue]]></wp:post_name>
		<wp:status><![CDATA[publish]]></wp:status>
		<wp:post_parent>0</wp:post_parent>
		<wp:menu_order>0</wp:menu_order>
		<wp:post_type><![CDATA[popup_theme]]></wp:post_type>
		<wp:post_password><![CDATA[]]></wp:post_password>
		<wp:is_sticky>0</wp:is_sticky>
		<wp:postmeta>
			<wp:meta_key><![CDATA[_pum_built_in]]></wp:meta_key>
			<wp:meta_value><![CDATA[enterprise-blue]]></wp:meta_value>
		</wp:postmeta>
		<wp:postmeta>
			<wp:meta_key><![CDATA[popup_theme_settings]]></wp:meta_key>
			<wp:meta_value><![CDATA[a:67:{s:24:"overlay_background_color";s:7:"#000000";s:26:"overlay_background_opacity";s:2:"70";s:17:"container_padding";s:2:"28";s:26:"container_background_color";s:7:"#ffffff";s:28:"container_background_opacity";s:3:"100";s:22:"container_border_style";s:4:"none";s:22:"container_border_color";s:7:"#000000";s:22:"container_border_width";s:1:"1";s:23:"container_border_radius";s:1:"5";s:25:"container_boxshadow_inset";s:2:"no";s:30:"container_boxshadow_horizontal";s:1:"0";s:28:"container_boxshadow_vertical";s:2:"10";s:24:"container_boxshadow_blur";s:2:"25";s:26:"container_boxshadow_spread";s:1:"4";s:25:"container_boxshadow_color";s:7:"#020202";s:27:"container_boxshadow_opacity";s:2:"50";s:16:"title_font_color";s:7:"#315b7c";s:17:"title_line_height";s:2:"36";s:15:"title_font_size";s:2:"34";s:17:"title_font_family";s:7:"inherit";s:17:"title_font_weight";s:3:"100";s:16:"title_font_style";s:0:"";s:16:"title_text_align";s:4:"left";s:27:"title_textshadow_horizontal";s:1:"0";s:25:"title_textshadow_vertical";s:1:"0";s:21:"title_textshadow_blur";s:1:"0";s:22:"title_textshadow_color";s:7:"#020202";s:24:"title_textshadow_opacity";s:2:"23";s:18:"content_font_color";s:7:"#2d2d2d";s:19:"content_font_family";s:7:"inherit";s:19:"content_font_weight";s:3:"100";s:18:"content_font_style";s:0:"";s:10:"close_text";s:2:"×";s:14:"close_location";s:8:"topright";s:18:"close_position_top";s:1:"8";s:19:"close_position_left";s:1:"0";s:21:"close_position_bottom";s:1:"0";s:20:"close_position_right";s:1:"8";s:13:"close_padding";s:1:"4";s:12:"close_height";s:2:"28";s:11:"close_width";s:2:"28";s:22:"close_background_color";s:7:"#315b7c";s:24:"close_background_opacity";s:3:"100";s:16:"close_font_color";s:7:"#ffffff";s:17:"close_line_height";s:2:"20";s:15:"close_font_size";s:2:"20";s:17:"close_font_family";s:15:"Times New Roman";s:17:"close_font_weight";s:3:"100";s:16:"close_font_style";s:0:"";s:18:"close_border_style";s:4:"none";s:18:"close_border_color";s:7:"#ffffff";s:18:"close_border_width";s:1:"1";s:19:"close_border_radius";s:2:"42";s:21:"close_boxshadow_inset";s:2:"no";s:26:"close_boxshadow_horizontal";s:1:"0";s:24:"close_boxshadow_vertical";s:1:"0";s:20:"close_boxshadow_blur";s:1:"0";s:22:"close_boxshadow_spread";s:1:"0";s:21:"close_boxshadow_color";s:7:"#020202";s:23:"close_boxshadow_opacity";s:2:"23";s:27:"close_textshadow_horizontal";s:1:"0";s:25:"close_textshadow_vertical";s:1:"0";s:21:"close_textshadow_blur";s:1:"0";s:22:"close_textshadow_color";s:7:"#000000";s:24:"close_textshadow_opacity";s:2:"23";s:13:"atc_promotion";N;s:22:"close_position_outside";i:0;}]]></wp:meta_value>
		</wp:postmeta>
		<wp:postmeta>
			<wp:meta_key><![CDATA[popup_theme_data_version]]></wp:meta_key>
			<wp:meta_value><![CDATA[3]]></wp:meta_value>
		</wp:postmeta>
	</item>
	<item>
		<title>Hello Box</title>
		<link>http://pm.loc/?post_type=popup_theme&#038;p=6</link>
		<pubDate>Sat, 12 Jan 2019 05:37:05 +0000</pubDate>
		<dc:creator><![CDATA[admin]]></dc:creator>
		<guid isPermaLink="false">http://pm.loc/?post_type=popup_theme&#038;p=6</guid>
		<description></description>
		<content:encoded><![CDATA[]]></content:encoded>
		<excerpt:encoded><![CDATA[]]></excerpt:encoded>
		<wp:post_id>6</wp:post_id>
		<wp:post_date><![CDATA[2019-01-12 05:37:05]]></wp:post_date>
		<wp:post_date_gmt><![CDATA[2019-01-12 05:37:05]]></wp:post_date_gmt>
		<wp:comment_status><![CDATA[closed]]></wp:comment_status>
		<wp:ping_status><![CDATA[closed]]></wp:ping_status>
		<wp:post_name><![CDATA[hello-box]]></wp:post_name>
		<wp:status><![CDATA[publish]]></wp:status>
		<wp:post_parent>0</wp:post_parent>
		<wp:menu_order>0</wp:menu_order>
		<wp:post_type><![CDATA[popup_theme]]></wp:post_type>
		<wp:post_password><![CDATA[]]></wp:post_password>
		<wp:is_sticky>0</wp:is_sticky>
		<wp:postmeta>
			<wp:meta_key><![CDATA[_pum_built_in]]></wp:meta_key>
			<wp:meta_value><![CDATA[hello-box]]></wp:meta_value>
		</wp:postmeta>
		<wp:postmeta>
			<wp:meta_key><![CDATA[popup_theme_settings]]></wp:meta_key>
			<wp:meta_value><![CDATA[a:67:{s:24:"overlay_background_color";s:7:"#000000";s:26:"overlay_background_opacity";s:2:"75";s:17:"container_padding";s:2:"30";s:26:"container_background_color";s:7:"#ffffff";s:28:"container_background_opacity";s:3:"100";s:22:"container_border_style";s:5:"solid";s:22:"container_border_color";s:7:"#81d742";s:22:"container_border_width";s:2:"14";s:23:"container_border_radius";s:2:"80";s:25:"container_boxshadow_inset";s:2:"no";s:30:"container_boxshadow_horizontal";s:1:"0";s:28:"container_boxshadow_vertical";s:1:"0";s:24:"container_boxshadow_blur";s:1:"0";s:26:"container_boxshadow_spread";s:1:"0";s:25:"container_boxshadow_color";s:7:"#020202";s:27:"container_boxshadow_opacity";s:1:"0";s:16:"title_font_color";s:7:"#2d2d2d";s:17:"title_line_height";s:2:"36";s:15:"title_font_size";s:2:"32";s:17:"title_font_family";s:10:"Montserrat";s:17:"title_font_weight";s:3:"100";s:16:"title_font_style";s:0:"";s:16:"title_text_align";s:4:"left";s:27:"title_textshadow_horizontal";s:1:"0";s:25:"title_textshadow_vertical";s:1:"0";s:21:"title_textshadow_blur";s:1:"0";s:22:"title_textshadow_color";s:7:"#020202";s:24:"title_textshadow_opacity";s:2:"23";s:18:"content_font_color";s:7:"#2d2d2d";s:19:"content_font_family";s:7:"inherit";s:19:"content_font_weight";s:3:"100";s:18:"content_font_style";s:0:"";s:10:"close_text";s:2:"×";s:14:"close_location";s:8:"topright";s:18:"close_position_top";s:3:"-30";s:19:"close_position_left";s:3:"-30";s:21:"close_position_bottom";s:1:"0";s:20:"close_position_right";s:3:"-30";s:13:"close_padding";s:1:"0";s:12:"close_height";s:1:"0";s:11:"close_width";s:1:"0";s:22:"close_background_color";s:7:"#ffffff";s:24:"close_background_opacity";s:3:"100";s:16:"close_font_color";s:7:"#2d2d2d";s:17:"close_line_height";s:2:"28";s:15:"close_font_size";s:2:"32";s:17:"close_font_family";s:15:"Times New Roman";s:17:"close_font_weight";s:3:"100";s:16:"close_font_style";s:0:"";s:18:"close_border_style";s:4:"none";s:18:"close_border_color";s:7:"#ffffff";s:18:"close_border_width";s:1:"1";s:19:"close_border_radius";s:2:"28";s:21:"close_boxshadow_inset";s:2:"no";s:26:"close_boxshadow_horizontal";s:1:"0";s:24:"close_boxshadow_vertical";s:1:"0";s:20:"close_boxshadow_blur";s:1:"0";s:22:"close_boxshadow_spread";s:1:"0";s:21:"close_boxshadow_color";s:7:"#020202";s:23:"close_boxshadow_opacity";s:2:"23";s:27:"close_textshadow_horizontal";s:1:"0";s:25:"close_textshadow_vertical";s:1:"0";s:21:"close_textshadow_blur";s:1:"0";s:22:"close_textshadow_color";s:7:"#000000";s:24:"close_textshadow_opacity";s:2:"23";s:13:"atc_promotion";N;s:22:"close_position_outside";i:0;}]]></wp:meta_value>
		</wp:postmeta>
		<wp:postmeta>
			<wp:meta_key><![CDATA[popup_theme_data_version]]></wp:meta_key>
			<wp:meta_value><![CDATA[3]]></wp:meta_value>
		</wp:postmeta>
	</item>
	<item>
		<title>Cutting Edge</title>
		<link>http://pm.loc/?post_type=popup_theme&#038;p=7</link>
		<pubDate>Sat, 12 Jan 2019 05:37:06 +0000</pubDate>
		<dc:creator><![CDATA[admin]]></dc:creator>
		<guid isPermaLink="false">http://pm.loc/?post_type=popup_theme&#038;p=7</guid>
		<description></description>
		<content:encoded><![CDATA[]]></content:encoded>
		<excerpt:encoded><![CDATA[]]></excerpt:encoded>
		<wp:post_id>7</wp:post_id>
		<wp:post_date><![CDATA[2019-01-12 05:37:06]]></wp:post_date>
		<wp:post_date_gmt><![CDATA[2019-01-12 05:37:06]]></wp:post_date_gmt>
		<wp:comment_status><![CDATA[closed]]></wp:comment_status>
		<wp:ping_status><![CDATA[closed]]></wp:ping_status>
		<wp:post_name><![CDATA[cutting-edge]]></wp:post_name>
		<wp:status><![CDATA[publish]]></wp:status>
		<wp:post_parent>0</wp:post_parent>
		<wp:menu_order>0</wp:menu_order>
		<wp:post_type><![CDATA[popup_theme]]></wp:post_type>
		<wp:post_password><![CDATA[]]></wp:post_password>
		<wp:is_sticky>0</wp:is_sticky>
		<wp:postmeta>
			<wp:meta_key><![CDATA[_pum_built_in]]></wp:meta_key>
			<wp:meta_value><![CDATA[cutting-edge]]></wp:meta_value>
		</wp:postmeta>
		<wp:postmeta>
			<wp:meta_key><![CDATA[popup_theme_settings]]></wp:meta_key>
			<wp:meta_value><![CDATA[a:67:{s:24:"overlay_background_color";s:7:"#000000";s:26:"overlay_background_opacity";s:2:"50";s:17:"container_padding";s:2:"18";s:26:"container_background_color";s:7:"#1e73be";s:28:"container_background_opacity";s:3:"100";s:22:"container_border_style";s:4:"none";s:22:"container_border_color";s:7:"#000000";s:22:"container_border_width";s:1:"1";s:23:"container_border_radius";s:1:"0";s:25:"container_boxshadow_inset";s:2:"no";s:30:"container_boxshadow_horizontal";s:1:"0";s:28:"container_boxshadow_vertical";s:2:"10";s:24:"container_boxshadow_blur";s:2:"25";s:26:"container_boxshadow_spread";s:1:"0";s:25:"container_boxshadow_color";s:7:"#020202";s:27:"container_boxshadow_opacity";s:2:"50";s:16:"title_font_color";s:7:"#ffffff";s:17:"title_line_height";s:2:"28";s:15:"title_font_size";s:2:"26";s:17:"title_font_family";s:10:"Sans-Serif";s:17:"title_font_weight";s:3:"100";s:16:"title_font_style";s:0:"";s:16:"title_text_align";s:4:"left";s:27:"title_textshadow_horizontal";s:1:"0";s:25:"title_textshadow_vertical";s:1:"0";s:21:"title_textshadow_blur";s:1:"0";s:22:"title_textshadow_color";s:7:"#020202";s:24:"title_textshadow_opacity";s:2:"23";s:18:"content_font_color";s:7:"#ffffff";s:19:"content_font_family";s:7:"inherit";s:19:"content_font_weight";s:3:"100";s:18:"content_font_style";s:0:"";s:10:"close_text";s:2:"×";s:14:"close_location";s:8:"topright";s:18:"close_position_top";s:1:"0";s:19:"close_position_left";s:1:"0";s:21:"close_position_bottom";s:1:"0";s:20:"close_position_right";s:1:"0";s:13:"close_padding";s:1:"0";s:12:"close_height";s:2:"24";s:11:"close_width";s:2:"24";s:22:"close_background_color";s:7:"#eeee22";s:24:"close_background_opacity";s:3:"100";s:16:"close_font_color";s:7:"#1e73be";s:17:"close_line_height";s:2:"24";s:15:"close_font_size";s:2:"32";s:17:"close_font_family";s:15:"Times New Roman";s:17:"close_font_weight";s:3:"100";s:16:"close_font_style";s:0:"";s:18:"close_border_style";s:4:"none";s:18:"close_border_color";s:7:"#ffffff";s:18:"close_border_width";s:1:"1";s:19:"close_border_radius";s:1:"0";s:21:"close_boxshadow_inset";s:2:"no";s:26:"close_boxshadow_horizontal";s:2:"-1";s:24:"close_boxshadow_vertical";s:1:"1";s:20:"close_boxshadow_blur";s:1:"1";s:22:"close_boxshadow_spread";s:1:"0";s:21:"close_boxshadow_color";s:7:"#020202";s:23:"close_boxshadow_opacity";s:2:"10";s:27:"close_textshadow_horizontal";s:2:"-1";s:25:"close_textshadow_vertical";s:1:"1";s:21:"close_textshadow_blur";s:1:"1";s:22:"close_textshadow_color";s:7:"#000000";s:24:"close_textshadow_opacity";s:2:"10";s:13:"atc_promotion";N;s:22:"close_position_outside";i:0;}]]></wp:meta_value>
		</wp:postmeta>
		<wp:postmeta>
			<wp:meta_key><![CDATA[popup_theme_data_version]]></wp:meta_key>
			<wp:meta_value><![CDATA[3]]></wp:meta_value>
		</wp:postmeta>
	</item>
	<item>
		<title>Framed Border</title>
		<link>http://pm.loc/?post_type=popup_theme&#038;p=8</link>
		<pubDate>Sat, 12 Jan 2019 05:37:06 +0000</pubDate>
		<dc:creator><![CDATA[admin]]></dc:creator>
		<guid isPermaLink="false">http://pm.loc/?post_type=popup_theme&#038;p=8</guid>
		<description></description>
		<content:encoded><![CDATA[]]></content:encoded>
		<excerpt:encoded><![CDATA[]]></excerpt:encoded>
		<wp:post_id>8</wp:post_id>
		<wp:post_date><![CDATA[2019-01-12 05:37:06]]></wp:post_date>
		<wp:post_date_gmt><![CDATA[2019-01-12 05:37:06]]></wp:post_date_gmt>
		<wp:comment_status><![CDATA[closed]]></wp:comment_status>
		<wp:ping_status><![CDATA[closed]]></wp:ping_status>
		<wp:post_name><![CDATA[framed-border]]></wp:post_name>
		<wp:status><![CDATA[publish]]></wp:status>
		<wp:post_parent>0</wp:post_parent>
		<wp:menu_order>0</wp:menu_order>
		<wp:post_type><![CDATA[popup_theme]]></wp:post_type>
		<wp:post_password><![CDATA[]]></wp:post_password>
		<wp:is_sticky>0</wp:is_sticky>
		<wp:postmeta>
			<wp:meta_key><![CDATA[_pum_built_in]]></wp:meta_key>
			<wp:meta_value><![CDATA[framed-border]]></wp:meta_value>
		</wp:postmeta>
		<wp:postmeta>
			<wp:meta_key><![CDATA[popup_theme_settings]]></wp:meta_key>
			<wp:meta_value><![CDATA[a:67:{s:24:"overlay_background_color";s:7:"#ffffff";s:26:"overlay_background_opacity";s:2:"50";s:17:"container_padding";s:2:"18";s:26:"container_background_color";s:7:"#fffbef";s:28:"container_background_opacity";s:3:"100";s:22:"container_border_style";s:6:"outset";s:22:"container_border_color";s:7:"#dd3333";s:22:"container_border_width";s:2:"20";s:23:"container_border_radius";s:1:"0";s:25:"container_boxshadow_inset";s:3:"yes";s:30:"container_boxshadow_horizontal";s:1:"1";s:28:"container_boxshadow_vertical";s:1:"1";s:24:"container_boxshadow_blur";s:1:"3";s:26:"container_boxshadow_spread";s:1:"0";s:25:"container_boxshadow_color";s:7:"#020202";s:27:"container_boxshadow_opacity";s:2:"97";s:16:"title_font_color";s:7:"#000000";s:17:"title_line_height";s:2:"36";s:15:"title_font_size";s:2:"32";s:17:"title_font_family";s:7:"inherit";s:17:"title_font_weight";s:3:"100";s:16:"title_font_style";s:0:"";s:16:"title_text_align";s:4:"left";s:27:"title_textshadow_horizontal";s:1:"0";s:25:"title_textshadow_vertical";s:1:"0";s:21:"title_textshadow_blur";s:1:"0";s:22:"title_textshadow_color";s:7:"#020202";s:24:"title_textshadow_opacity";s:2:"23";s:18:"content_font_color";s:7:"#2d2d2d";s:19:"content_font_family";s:7:"inherit";s:19:"content_font_weight";s:3:"100";s:18:"content_font_style";s:0:"";s:10:"close_text";s:2:"×";s:14:"close_location";s:8:"topright";s:18:"close_position_top";s:3:"-20";s:19:"close_position_left";s:3:"-20";s:21:"close_position_bottom";s:1:"0";s:20:"close_position_right";s:3:"-20";s:13:"close_padding";s:1:"0";s:12:"close_height";s:2:"20";s:11:"close_width";s:2:"20";s:22:"close_background_color";s:7:"#000000";s:24:"close_background_opacity";s:2:"55";s:16:"close_font_color";s:7:"#ffffff";s:17:"close_line_height";s:2:"18";s:15:"close_font_size";s:2:"16";s:17:"close_font_family";s:6:"Tahoma";s:17:"close_font_weight";s:3:"700";s:16:"close_font_style";s:0:"";s:18:"close_border_style";s:4:"none";s:18:"close_border_color";s:7:"#ffffff";s:18:"close_border_width";s:1:"1";s:19:"close_border_radius";s:1:"0";s:21:"close_boxshadow_inset";s:2:"no";s:26:"close_boxshadow_horizontal";s:1:"0";s:24:"close_boxshadow_vertical";s:1:"0";s:20:"close_boxshadow_blur";s:1:"0";s:22:"close_boxshadow_spread";s:1:"0";s:21:"close_boxshadow_color";s:7:"#020202";s:23:"close_boxshadow_opacity";s:2:"23";s:27:"close_textshadow_horizontal";s:1:"0";s:25:"close_textshadow_vertical";s:1:"0";s:21:"close_textshadow_blur";s:1:"0";s:22:"close_textshadow_color";s:7:"#000000";s:24:"close_textshadow_opacity";s:2:"23";s:13:"atc_promotion";N;s:22:"close_position_outside";i:0;}]]></wp:meta_value>
		</wp:postmeta>
		<wp:postmeta>
			<wp:meta_key><![CDATA[popup_theme_data_version]]></wp:meta_key>
			<wp:meta_value><![CDATA[3]]></wp:meta_value>
		</wp:postmeta>
	</item>
	<item>
		<title>Default Theme</title>
		<link>http://pm.loc/?post_type=popup_theme&#038;p=10</link>
		<pubDate>Sat, 12 Jan 2019 05:38:35 +0000</pubDate>
		<dc:creator><![CDATA[admin]]></dc:creator>
		<guid isPermaLink="false">http://pm.loc/?post_type=popup_theme&#038;p=10</guid>
		<description></description>
		<content:encoded><![CDATA[]]></content:encoded>
		<excerpt:encoded><![CDATA[]]></excerpt:encoded>
		<wp:post_id>10</wp:post_id>
		<wp:post_date><![CDATA[2019-01-12 05:38:35]]></wp:post_date>
		<wp:post_date_gmt><![CDATA[2019-01-12 05:38:35]]></wp:post_date_gmt>
		<wp:comment_status><![CDATA[closed]]></wp:comment_status>
		<wp:ping_status><![CDATA[closed]]></wp:ping_status>
		<wp:post_name><![CDATA[default-theme]]></wp:post_name>
		<wp:status><![CDATA[publish]]></wp:status>
		<wp:post_parent>0</wp:post_parent>
		<wp:menu_order>0</wp:menu_order>
		<wp:post_type><![CDATA[popup_theme]]></wp:post_type>
		<wp:post_password><![CDATA[]]></wp:post_password>
		<wp:is_sticky>0</wp:is_sticky>
		<wp:postmeta>
			<wp:meta_key><![CDATA[_pum_built_in]]></wp:meta_key>
			<wp:meta_value><![CDATA[default-theme]]></wp:meta_value>
		</wp:postmeta>
		<wp:postmeta>
			<wp:meta_key><![CDATA[_pum_default_theme]]></wp:meta_key>
			<wp:meta_value><![CDATA[1]]></wp:meta_value>
		</wp:postmeta>
		<wp:postmeta>
			<wp:meta_key><![CDATA[popup_theme_settings]]></wp:meta_key>
			<wp:meta_value><![CDATA[a:67:{s:24:"overlay_background_color";s:7:"#ffffff";s:26:"overlay_background_opacity";i:100;s:13:"atc_promotion";N;s:17:"container_padding";i:18;s:23:"container_border_radius";N;s:26:"container_background_color";s:7:"#f9f9f9";s:28:"container_background_opacity";i:100;s:22:"container_border_style";s:4:"none";s:22:"container_border_color";s:7:"#000000";s:22:"container_border_width";i:1;s:25:"container_boxshadow_color";s:7:"#020202";s:27:"container_boxshadow_opacity";i:23;s:30:"container_boxshadow_horizontal";i:1;s:28:"container_boxshadow_vertical";i:1;s:24:"container_boxshadow_blur";i:3;s:26:"container_boxshadow_spread";N;s:25:"container_boxshadow_inset";s:2:"no";s:16:"title_font_color";s:7:"#000000";s:15:"title_font_size";i:32;s:17:"title_line_height";i:36;s:17:"title_font_family";s:7:"inherit";s:17:"title_font_weight";i:400;s:16:"title_font_style";s:6:"normal";s:16:"title_text_align";s:4:"left";s:22:"title_textshadow_color";s:7:"#020202";s:24:"title_textshadow_opacity";i:23;s:27:"title_textshadow_horizontal";N;s:25:"title_textshadow_vertical";N;s:21:"title_textshadow_blur";N;s:18:"content_font_color";s:7:"#8c8c8c";s:19:"content_font_family";s:7:"inherit";s:19:"content_font_weight";i:400;s:18:"content_font_style";s:7:"inherit";s:10:"close_text";s:5:"CLOSE";s:22:"close_position_outside";b:0;s:14:"close_location";s:8:"topright";s:18:"close_position_top";N;s:21:"close_position_bottom";N;s:19:"close_position_left";N;s:20:"close_position_right";N;s:13:"close_padding";i:8;s:12:"close_height";N;s:11:"close_width";N;s:19:"close_border_radius";N;s:22:"close_background_color";s:7:"#00b7cd";s:24:"close_background_opacity";i:100;s:16:"close_font_color";s:7:"#ffffff";s:15:"close_font_size";i:12;s:17:"close_line_height";i:36;s:17:"close_font_family";s:7:"inherit";s:17:"close_font_weight";i:400;s:16:"close_font_style";s:7:"inherit";s:18:"close_border_style";s:4:"none";s:18:"close_border_color";s:7:"#ffffff";s:18:"close_border_width";i:1;s:21:"close_boxshadow_color";s:7:"#020202";s:23:"close_boxshadow_opacity";i:23;s:26:"close_boxshadow_horizontal";i:1;s:24:"close_boxshadow_vertical";i:1;s:20:"close_boxshadow_blur";i:3;s:22:"close_boxshadow_spread";N;s:21:"close_boxshadow_inset";s:2:"no";s:22:"close_textshadow_color";s:7:"#000000";s:24:"close_textshadow_opacity";i:23;s:27:"close_textshadow_horizontal";N;s:25:"close_textshadow_vertical";N;s:21:"close_textshadow_blur";N;}]]></wp:meta_value>
		</wp:postmeta>
		<wp:postmeta>
			<wp:meta_key><![CDATA[popup_theme_data_version]]></wp:meta_key>
			<wp:meta_value><![CDATA[3]]></wp:meta_value>
		</wp:postmeta>
	</item>
</channel>
</rss>